step,equity
0,1.0
1,1.0
2,1.0
3,1.0
4,1.0
5,1.0
6,1.0
7,0.9725169070372982
8,0.9725169070372982
9,0.9725169070372982
10,0.9725169070372982
11,0.9680975851374866
12,0.9976896558327178
13,0.9976896558327178
14,0.975471385029251
15,0.9350035997391668
16,0.8553007883295008
17,0.8335688904331944
18,0.8584555412824306
19,0.8584555412824306
20,0.8584555412824306
21,0.8584555412824306
22,0.8584555412824306
23,0.8584555412824306
24,0.8584555412824306
25,0.8584555412824306
26,0.8584555412824306
27,0.8584555412824306
28,0.8584555412824306
29,0.8584555412824306
30,0.8584555412824306
31,0.8584555412824306
32,0.8436883474547581
33,0.8516879110162592
34,0.8516879110162592
35,0.7966933410137456
36,0.7965333186052296
37,0.7719178951214766
38,0.7884400826562179
39,0.7884400826562179
40,0.7987794604627334
41,0.7987794604627334
42,0.8219008660480327
43,0.8219008660480327
44,0.7913590004225234
45,0.791706409919674
46,0.791706409919674
47,0.791706409919674
48,0.791706409919674
49,0.791706409919674
50,0.791706409919674
51,0.791706409919674
52,0.791706409919674
53,0.791706409919674
54,0.791706409919674
55,0.791706409919674
56,0.791706409919674
57,0.791706409919674
58,0.791706409919674
59,0.791706409919674
60,0.791706409919674
61,0.7667540878690422
62,0.7777016351289933
63,0.7777016351289933
64,0.7625057570706096
65,0.7670089264695988
66,0.7670089264695988
67,0.7670089264695988
68,0.7670089264695988
69,0.752749662794417
70,0.752749662794417
71,0.752749662794417
72,0.752749662794417
73,0.752749662794417
74,0.752749662794417
75,0.752749662794417
76,0.752749662794417
77,0.752749662794417
78,0.752749662794417
79,0.752749662794417
80,0.7533722867914467
81,0.7533722867914467
82,0.7332009736170302
83,0.7210149146438505
84,0.7296351237009734
85,0.7296351237009734
86,0.7296351237009734
87,0.7385744686484185
88,0.7385744686484185
89,0.6994734281038069
90,0.6838911504182772
91,0.6659691949180554
92,0.6797570966928551
93,0.6797570966928551
94,0.6797570966928551
95,0.7031534533008371
96,0.7031534533008371
97,0.7031534533008371
98,0.7031534533008371
99,0.7031534533008371
100,0.7031534533008371
101,0.7062166295904752
102,0.7062166295904752
103,0.7018506019285434
104,0.723208516753241
105,0.723208516753241
106,0.7250105487259836
107,0.7250105487259836
108,0.7250105487259836
109,0.753218415766673
110,0.753218415766673
111,0.753218415766673
112,0.753218415766673
113,0.7719831265533563
114,0.7719831265533563
115,0.7719831265533563
116,0.7719831265533563
117,0.7719831265533563
118,0.6087483600204103
119,0.7172377183952319
120,0.7172377183952319
121,0.6867796469014225
122,0.7249651270115536
123,0.7249651270115536
124,0.7249651270115536
125,0.7249651270115536
126,0.7249651270115536
127,0.7249651270115536
128,0.7249651270115536
129,0.7249651270115536
130,0.7249651270115536
131,0.7249651270115536
132,0.7249651270115536
133,0.7249651270115536
134,0.7249651270115536
135,0.69627390048115
136,0.7267164960932619
137,0.7267164960932619
138,0.7267164960932619
139,0.7253894586177903
140,0.7253894586177903
141,0.7253894586177903
142,0.7253894586177903
143,0.7253894586177903
144,0.7146682913977155
145,0.7137884029445978
146,0.7137884029445978
147,0.7221870955826685
148,0.7221870955826685
149,0.7221870955826685
150,0.7221870955826685
151,0.7221870955826685
152,0.7221870955826685
153,0.7221870955826685
154,0.7221870955826685
155,0.7221870955826685
156,0.7221870955826685
157,0.7221870955826685
158,0.7221870955826685
159,0.7221870955826685
160,0.7183603978965923
161,0.7152022197586876
162,0.7678442938667333
163,0.7678442938667333
164,0.7678442938667333
165,0.7678442938667333
166,0.7678442938667333
167,0.7678442938667333
168,0.7678442938667333
169,0.7678442938667333
170,0.7678442938667333
171,0.7678442938667333
172,0.7678442938667333
173,0.7678442938667333
174,0.7678442938667333
175,0.7678442938667333
176,0.7678442938667333
177,0.7678442938667333
178,0.7678442938667333
179,0.7678442938667333
180,0.7678442938667333
181,0.6892969638834777
182,0.7017463067614441
183,0.7017463067614441
184,0.7017463067614441
185,0.7231609975311828
186,0.7231609975311828
187,0.6658346426114504
188,0.6674667433561448
189,0.6674667433561448
190,0.6674667433561448
191,0.6830544416867355
192,0.6830544416867355
193,0.6965994260950324
194,0.6965994260950324
195,0.6965994260950324
196,0.6965994260950324
197,0.6965994260950324
198,0.6965994260950324
199,0.6965994260950324
200,0.6965994260950324
201,0.6965994260950324
202,0.6965994260950324
203,0.6965994260950324
204,0.6748618135188206
205,0.6762339837160856
206,0.6762339837160856
207,0.6431142765844534
208,0.6275709459906572
209,0.6409551288507226
210,0.6409551288507226
211,0.6409551288507226
212,0.6423182361661077
213,0.6423182361661077
214,0.6481643159222366
215,0.6481643159222366
216,0.6481643159222366
217,0.6481643159222366
218,0.6481643159222366
219,0.6481643159222366
220,0.6481643159222366
221,0.6481643159222366
222,0.6481643159222366
223,0.6480294427562898
224,0.677694838223166
225,0.677694838223166
226,0.677694838223166
227,0.677694838223166
228,0.677694838223166
229,0.677694838223166
230,0.677694838223166
231,0.677694838223166
232,0.677694838223166
233,0.677694838223166
234,0.6733904593302691
235,0.6733904593302691
236,0.6733904593302691
237,0.6733904593302691
238,0.6733904593302691
239,0.6733904593302691
240,0.6733904593302691
241,0.6752410890274835
242,0.6752410890274835
243,0.6718203943635337
244,0.6778189169954942
245,0.6778189169954942
246,0.6778189169954942
247,0.6778189169954942
248,0.6778189169954942
249,0.6778189169954942
250,0.6778189169954942
251,0.6778189169954942
252,0.6778189169954942
253,0.6778189169954942
254,0.6670954403861753
255,0.6580758109177773
256,0.6373091952719884
257,0.645534067914088
258,0.645534067914088
259,0.645534067914088
260,0.6473412288768366
261,0.6473412288768366
262,0.6473412288768366
263,0.663629249424782
264,0.663629249424782
265,0.663629249424782
266,0.663629249424782
267,0.663629249424782
268,0.663629249424782
269,0.663629249424782
270,0.663629249424782
271,0.663629249424782
272,0.663629249424782
273,0.663629249424782
274,0.663629249424782
275,0.663629249424782
276,0.663629249424782
277,0.663629249424782
278,0.663629249424782
279,0.6533581597528464
280,0.6595626296736642
281,0.6595626296736642
282,0.6595626296736642
283,0.6595626296736642
284,0.6595626296736642
285,0.6595626296736642
286,0.6595626296736642
287,0.6595626296736642
288,0.6595626296736642
289,0.6595626296736642
290,0.6595626296736642
291,0.6595626296736642
292,0.6595626296736642
293,0.6595626296736642
294,0.6595626296736642
295,0.6595626296736642
296,0.6595626296736642
297,0.6595626296736642
298,0.6595626296736642
299,0.6595626296736642
300,0.6595626296736642
301,0.6595626296736642
302,0.6628427756509224
303,0.6628427756509224
304,0.6597395856581488
305,0.6726804623012511
306,0.6726804623012511
307,0.6760677932710305
308,0.6760677932710305
309,0.6760677932710305
310,0.6760677932710305
311,0.6760677932710305
312,0.6760677932710305
313,0.6760677932710305
314,0.6760677932710305
315,0.6760677932710305
316,0.6760677932710305
317,0.6688262057079011
318,0.6712321686978435
319,0.6712321686978435
320,0.6807578745043046
321,0.6807578745043046
322,0.672776165499365
323,0.6752105194506243
324,0.6752105194506243
325,0.6857811750985009
326,0.6857811750985009
327,0.7011215582414838
328,0.7011215582414838
329,0.6950782620066484
330,0.6992895973763378
331,0.6992895973763378
332,0.6992895973763378
333,0.6978532493894117
334,0.5709917012268941
335,0.6132049578257064
336,0.6132049578257064
337,0.6132049578257064
338,0.6074596770002001
339,0.6016036776241174
340,0.5550033518289079
341,0.5843071682793805
342,0.5843071682793805
343,0.5843071682793805
344,0.6015346465862764
345,0.6015346465862764
346,0.6015346465862764
347,0.6015346465862764
348,0.6015346465862764
349,0.6015346465862764
350,0.6015346465862764
351,0.6015346465862764
352,0.6015346465862764
353,0.6015346465862764
354,0.6015346465862764
355,0.6015346465862764
356,0.6015346465862764
357,0.6015346465862764
358,0.6015346465862764
359,0.6015346465862764
360,0.5894721649340199
361,0.5898097295121022
362,0.5898097295121022
363,0.5867032354035664
364,0.5885445852916674
365,0.5885445852916674
366,0.5885445852916674
367,0.5878302002092733
368,0.5878302002092733
369,0.5878302002092733
370,0.5878302002092733
371,0.5986687256390981
372,0.5986687256390981
373,0.5986687256390981
374,0.5986687256390981
375,0.5986687256390981
376,0.5986687256390981
377,0.5986687256390981
378,0.5986687256390981
379,0.5986687256390981
380,0.5986687256390981
381,0.5986687256390981
382,0.5986687256390981
383,0.5986687256390981
384,0.5986687256390981
385,0.5986687256390981
386,0.5986687256390981
387,0.5986687256390981
388,0.5986687256390981
389,0.5986687256390981
390,0.5986687256390981
391,0.5986687256390981
392,0.5986687256390981
393,0.5986687256390981
394,0.5986687256390981
395,0.5986687256390981
396,0.5986687256390981
397,0.5986687256390981
398,0.5986687256390981
399,0.5986687256390981
400,0.5986687256390981
401,0.5986687256390981
402,0.5986687256390981
403,0.5986687256390981
404,0.5986687256390981
405,0.5986687256390981
406,0.5986687256390981
407,0.5986687256390981
408,0.5986687256390981
409,0.5986687256390981
410,0.5986687256390981
411,0.5986687256390981
412,0.5986687256390981
413,0.5986687256390981
414,0.5986687256390981
415,0.5986687256390981
416,0.5986687256390981
417,0.5986687256390981
418,0.5986687256390981
419,0.5529268563434488
420,0.6010380403173875
421,0.6010380403173875
422,0.594171926615875
423,0.5714334878786156
424,0.5903256760688504
425,0.5903256760688504
426,0.5903256760688504
427,0.5754329882891828
428,0.5754329882891828
429,0.5754329882891828
430,0.5754329882891828
431,0.5727910403771416
432,0.5674717571347418
433,0.5819402146464466
434,0.5819402146464466
435,0.5819402146464466
436,0.5819402146464466
437,0.5819402146464466
438,0.5819402146464466
439,0.5819402146464466
440,0.5819402146464466
441,0.5819402146464466
442,0.5819402146464466
443,0.5819402146464466
444,0.5819402146464466
445,0.5819402146464466
446,0.5819402146464466
447,0.5819402146464466
448,0.5819402146464466
449,0.5819402146464466
450,0.5819402146464466
451,0.5819402146464466
452,0.5819402146464466
453,0.5819402146464466
454,0.5819402146464466
455,0.5819402146464466
456,0.5819402146464466
457,0.5819402146464466
458,0.5819402146464466
459,0.5819402146464466
460,0.5819402146464466
461,0.5897101481293674
462,0.5897101481293674
463,0.5897101481293674
464,0.5897101481293674
465,0.5897101481293674
466,0.5897101481293674
467,0.6046582356313812
468,0.6046582356313812
469,0.6102523958725412
470,0.6102523958725412
471,0.6102523958725412
472,0.6102523958725412
473,0.6102523958725412
474,0.6102523958725412
475,0.6102523958725412
476,0.6102523958725412
477,0.6102523958725412
478,0.6102523958725412
479,0.6102523958725412
480,0.6102523958725412
481,0.6102523958725412
482,0.6102523958725412
483,0.6073378331193675
484,0.5142201048421013
485,0.5469718785619149
486,0.5469718785619149
487,0.5539381521760923
488,0.5539381521760923
489,0.6123426439178673
490,0.6123426439178673
491,0.6123426439178673
492,0.6123426439178673
493,0.6123426439178673
494,0.6123426439178673
495,0.6130101296731169
496,0.6130101296731169
497,0.6130101296731169
498,0.611696380181572
499,0.6097314123070193
500,0.5944371377260687
501,0.6013508314307895
502,0.6013508314307895
503,0.6013508314307895
504,0.6332836932818403
505,0.6332836932818403
506,0.6332836932818403
507,0.6332836932818403
508,0.6332836932818403
509,0.6332836932818403
510,0.6332836932818403
511,0.6332836932818403
512,0.6409717715586664
513,0.6409717715586664
514,0.6409717715586664
515,0.6409717715586664
516,0.6409717715586664
517,0.6409717715586664
518,0.6409717715586664
519,0.6409717715586664
520,0.6409717715586664
521,0.6409717715586664
522,0.6409717715586664
523,0.6409717715586664
524,0.6409717715586664
525,0.6409717715586664
526,0.6524582475212122
527,0.6524582475212122
528,0.6524582475212122
529,0.6524582475212122
530,0.6524582475212122
531,0.6524582475212122
532,0.6524582475212122
533,0.6524582475212122
534,0.6359951427261842
535,0.6473267288118741
536,0.6473267288118741
537,0.6473267288118741
538,0.6487152917002177
539,0.6487152917002177
540,0.6487152917002177
541,0.6487152917002177
542,0.6487152917002177
543,0.6487152917002177
544,0.6487152917002177
545,0.6487152917002177
546,0.6487152917002177
547,0.6487152917002177
548,0.6487152917002177
549,0.6487152917002177
550,0.6487152917002177
551,0.6562209589052143
552,0.6562209589052143
553,0.6562209589052143
554,0.6562209589052143
555,0.6562209589052143
556,0.6562209589052143
557,0.6562209589052143
558,0.6562209589052143
559,0.6562209589052143
560,0.6562209589052143
561,0.6562209589052143
562,0.6562209589052143
563,0.6562209589052143
564,0.6562209589052143
565,0.6562209589052143
566,0.6562209589052143
567,0.6562209589052143
568,0.6562209589052143
569,0.6562209589052143
570,0.6562209589052143
571,0.6562209589052143
572,0.6562209589052143
573,0.6562209589052143
574,0.6562209589052143
575,0.6562209589052143
576,0.6562209589052143
577,0.6562209589052143
578,0.6562209589052143
579,0.6562209589052143
580,0.6562209589052143
581,0.6562209589052143
582,0.6562209589052143
583,0.6562209589052143
584,0.6562209589052143
585,0.6562209589052143
586,0.6562209589052143
587,0.6562209589052143
588,0.6562209589052143
589,0.6562209589052143
590,0.6562209589052143
591,0.6614274921713742
592,0.6614274921713742
593,0.6698093012013381
594,0.6698093012013381
595,0.671689574943332
596,0.671689574943332
597,0.671689574943332
598,0.671689574943332
599,0.671689574943332
600,0.671689574943332
601,0.671689574943332
602,0.671689574943332
603,0.671689574943332
604,0.671689574943332
605,0.671689574943332
606,0.671689574943332
607,0.671689574943332
608,0.671689574943332
609,0.671689574943332
610,0.6777540171413848
611,0.6777540171413848
612,0.6777540171413848
613,0.6852084597803774
614,0.6852084597803774
615,0.6852084597803774
616,0.6852084597803774
617,0.6852084597803774
618,0.6852084597803774
619,0.6852084597803774
620,0.6852084597803774
621,0.6852084597803774
622,0.6852084597803774
623,0.6852084597803774
624,0.6852084597803774
625,0.6852084597803774
626,0.6852084597803774
627,0.6852084597803774
628,0.6852084597803774
629,0.6852084597803774
630,0.6852084597803774
631,0.6852084597803774
632,0.6852084597803774
633,0.6852084597803774
634,0.6852084597803774
635,0.6852084597803774
636,0.6852084597803774
637,0.6852084597803774
638,0.6852084597803774
639,0.6852084597803774
640,0.6852084597803774
641,0.6852084597803774
642,0.6852084597803774
643,0.6852084597803774
644,0.7172333776878348
645,0.7172333776878348
646,0.7172333776878348
647,0.6786760217067479
648,0.7066138573926793
649,0.7066138573926793
650,0.7066138573926793
651,0.7066138573926793
652,0.7066138573926793
653,0.7066138573926793
654,0.7066138573926793
655,0.7066138573926793
656,0.7066138573926793
657,0.7066138573926793
658,0.7066138573926793
659,0.7352518355975806
660,0.7352518355975806
661,0.7334446122635584
662,0.7315233659395721
663,0.7506027167049342
664,0.7506027167049342
665,0.7547429718033339
666,0.7547429718033339
667,0.7547429718033339
668,0.7547429718033339
669,0.7547429718033339
670,0.7547429718033339
671,0.7547429718033339
672,0.7547429718033339
673,0.7547429718033339
674,0.7604700935829782
675,0.7604700935829782
676,0.7604700935829782
677,0.7577809538358866
678,0.760766568999715
679,0.760766568999715
680,0.760766568999715
681,0.760766568999715
682,0.7254997673278517
683,0.7254997673278517
684,0.6551280075561666
685,0.6777328072445303
686,0.6777328072445303
687,0.6777328072445303
688,0.6927419747050366
689,0.6927419747050366
690,0.6927419747050366
691,0.6927419747050366
692,0.6927419747050366
693,0.6927419747050366
694,0.6927419747050366
695,0.6927419747050366
696,0.6748611634853082
697,0.6710365343565617
698,0.6831018433824959
699,0.6831018433824959
700,0.6844150855049232
701,0.6844150855049232
702,0.6844150855049232
703,0.6844150855049232
704,0.6844150855049232
705,0.6844150855049232
706,0.6844150855049232
707,0.6844150855049232
708,0.6844150855049232
709,0.6844150855049232
710,0.6891763746141335
711,0.6891763746141335
712,0.6891763746141335
713,0.6891763746141335
714,0.685381221899253
715,0.685381221899253
716,0.685381221899253
717,0.685381221899253
718,0.685381221899253
719,0.685381221899253
720,0.685381221899253
721,0.685381221899253
722,0.685381221899253
723,0.685381221899253
724,0.685381221899253
725,0.685381221899253
726,0.685381221899253
727,0.685381221899253
728,0.685381221899253
729,0.685175765015762
730,0.6840593270286952
731,0.6884505326041747
732,0.6884505326041747
733,0.6874165713684436
734,0.6748019127389504
735,0.6748019127389504
736,0.6822074515103688
737,0.6822074515103688
738,0.6801708637326478
739,0.6883409847001746
740,0.6883409847001746
741,0.6883409847001746
742,0.6883409847001746
743,0.6883409847001746
744,0.6883409847001746
745,0.6883409847001746
746,0.6883409847001746
747,0.6883409847001746
748,0.6883409847001746
749,0.6883409847001746
750,0.6883409847001746
751,0.6883409847001746
752,0.6883409847001746
753,0.6883409847001746
754,0.6883409847001746
755,0.6883409847001746
756,0.6883409847001746
757,0.6883409847001746
758,0.6883409847001746
759,0.6883409847001746
760,0.6883409847001746
761,0.6883409847001746
762,0.6883409847001746
763,0.6883409847001746
764,0.6883409847001746
765,0.6883409847001746
766,0.6883409847001746
767,0.6883409847001746
768,0.6883409847001746
769,0.6883409847001746
770,0.6883409847001746
771,0.6883409847001746
772,0.6883409847001746
773,0.6883409847001746
774,0.6883409847001746
775,0.6883409847001746
776,0.6883409847001746
777,0.6883409847001746
778,0.6883409847001746
779,0.6883409847001746
780,0.6883409847001746
781,0.6883409847001746
782,0.6949167362189537
783,0.6949167362189537
784,0.6949167362189537
785,0.6949167362189537
786,0.6949167362189537
787,0.6949167362189537
788,0.6949167362189537
789,0.6949167362189537
790,0.6949167362189537
791,0.6949167362189537
792,0.6949167362189537
793,0.6949167362189537
794,0.6949167362189537
795,0.6949167362189537
796,0.6949167362189537
797,0.6949167362189537
798,0.6908989604792726
799,0.6908989604792726
800,0.6908989604792726
801,0.6877543763823961
802,0.6913038602815599
803,0.6913038602815599
804,0.7007833692539764
805,0.7007833692539764
806,0.7007833692539764
807,0.7007833692539764
808,0.7007833692539764
809,0.7007833692539764
810,0.7007833692539764
811,0.7007833692539764
812,0.7007833692539764
813,0.7007833692539764
814,0.7007833692539764
815,0.7007833692539764
816,0.7007833692539764
817,0.7007833692539764
818,0.7007833692539764
819,0.7007833692539764
820,0.7007833692539764
821,0.7007833692539764
822,0.7007833692539764
823,0.7007833692539764
824,0.7007833692539764
825,0.7007833692539764
826,0.7007833692539764
827,0.7007833692539764
828,0.7007833692539764
829,0.7007833692539764
830,0.7007833692539764
831,0.7007833692539764
832,0.7007833692539764
833,0.7007833692539764
834,0.7007833692539764
835,0.7007833692539764
836,0.7007833692539764
837,0.7007833692539764
838,0.7007833692539764
839,0.7007833692539764
840,0.7007833692539764
841,0.7007833692539764
842,0.7007833692539764
843,0.7007833692539764
844,0.7007833692539764
845,0.7045487699982363
846,0.7045487699982363
847,0.7290770505794435
848,0.7290770505794435
849,0.7290770505794435
850,0.7320934353031198
851,0.7320934353031198
852,0.7320934353031198
853,0.7320934353031198
854,0.7320934353031198
855,0.7320934353031198
856,0.7320934353031198
857,0.7320934353031198
858,0.7320934353031198
859,0.7320934353031198
860,0.7320934353031198
861,0.7320934353031198
862,0.7320934353031198
863,0.7320934353031198
864,0.7320934353031198
865,0.7320934353031198
866,0.7320934353031198
867,0.7320934353031198
868,0.7320934353031198
869,0.7320934353031198
870,0.7320934353031198
871,0.7320934353031198
872,0.7320934353031198
873,0.7320934353031198
874,0.7320934353031198
875,0.7320934353031198
876,0.7320934353031198
877,0.7320934353031198
878,0.7320934353031198
879,0.7258369648653786
880,0.7360272358739915
881,0.7360272358739915
882,0.7360272358739915
883,0.7360272358739915
884,0.7360272358739915
885,0.7360272358739915
886,0.7360272358739915
887,0.7360272358739915
888,0.7360272358739915
889,0.7360272358739915
890,0.7360272358739915
891,0.7360272358739915
892,0.7360272358739915
893,0.7360272358739915
894,0.7360272358739915
895,0.7360272358739915
896,0.7360272358739915
897,0.7360272358739915
898,0.7360272358739915
899,0.7360272358739915
900,0.7360272358739915
901,0.7360272358739915
902,0.7360272358739915
903,0.7360272358739915
904,0.7360272358739915
905,0.7749864736434602
906,0.7749864736434602
907,0.7749864736434602
908,0.7749864736434602
909,0.7749864736434602
910,0.7749864736434602
911,0.7749864736434602
912,0.7749864736434602
913,0.8250612277763246
914,0.8250612277763246
915,0.8250612277763246
916,0.8250612277763246
917,0.8167644930635224
918,0.7372813997244062
919,0.7372813997244062
920,0.7372813997244062
921,0.7975658054534636
922,0.7975658054534636
923,0.7975658054534636
924,0.7975658054534636
925,0.7975658054534636
926,0.7975658054534636
927,0.7975658054534636
928,0.7975658054534636
929,0.7975658054534636
930,0.7975658054534636
931,0.7975658054534636
932,0.7975658054534636
933,0.7975658054534636
934,0.7975658054534636
935,0.7975658054534636
936,0.7975658054534636
937,0.7975658054534636
938,0.7975658054534636
939,0.7975658054534636
940,0.7975658054534636
941,0.7975658054534636
942,0.7975658054534636
943,0.7975658054534636
944,0.7975658054534636
945,0.7975658054534636
946,0.7975658054534636
947,0.7975658054534636
948,0.7975658054534636
949,0.7975658054534636
950,0.7975658054534636
951,0.7975658054534636
952,0.7975658054534636
953,0.7975658054534636
954,0.7975658054534636
955,0.7975658054534636
956,0.7975658054534636
957,0.7975658054534636
958,0.7975658054534636
959,0.7975658054534636
960,0.7975658054534636
961,0.7975658054534636
962,0.7975658054534636
963,0.7975658054534636
964,0.7975658054534636
965,0.7975658054534636
966,0.7975658054534636
967,0.7975658054534636
968,0.7975658054534636
969,0.7975658054534636
970,0.7975658054534636
971,0.7975658054534636
972,0.7975658054534636
973,0.7975658054534636
974,0.7975658054534636
975,0.7975658054534636
976,0.7975658054534636
977,0.7975658054534636
978,0.7975658054534636
979,0.7975658054534636
980,0.7975658054534636
981,0.7975658054534636
982,0.7975658054534636
983,0.7975658054534636
984,0.7975658054534636
985,0.7975658054534636
986,0.8382383518825701
987,0.8382383518825701
988,0.8382383518825701
989,0.8382383518825701
990,0.8382383518825701
991,0.8382383518825701
992,0.8382383518825701
993,0.8382383518825701
994,0.8382383518825701
995,0.8382383518825701
996,0.8382383518825701
997,0.8382383518825701
998,0.8382383518825701
999,0.8382383518825701
1000,0.8382383518825701
1001,0.8242619590190942
1002,0.8423151946530444
1003,0.8423151946530444
1004,0.8423151946530444
1005,0.8559698767556234
1006,0.8559698767556234
1007,0.8559698767556234
1008,0.8559698767556234
1009,0.8559698767556234
1010,0.8559698767556234
1011,0.8559698767556234
1012,0.8559698767556234
1013,0.881526887037134
1014,0.881526887037134
1015,0.881526887037134
1016,0.8612255176378851
1017,0.8451558954997681
1018,0.870122950955108
1019,0.870122950955108
1020,0.870122950955108
1021,0.870122950955108
1022,0.870122950955108
1023,0.870122950955108
1024,0.870122950955108
1025,0.870122950955108
1026,0.8197213386933435
1027,0.8077082698428094
1028,0.8288011090751563
1029,0.8288011090751563
1030,0.7850183717749724
1031,0.7025986858257862
1032,0.6783311328031761
1033,0.7832854163881597
1034,0.7832854163881597
1035,0.7832854163881597
1036,0.9707732949727212
1037,0.9707732949727212
1038,0.9707732949727212
1039,0.9707732949727212
1040,0.9707732949727212
1041,0.9707732949727212
1042,0.9707732949727212
1043,0.9707732949727212
1044,0.9707732949727212
1045,0.9707732949727212
1046,0.9817149390321976
1047,0.9817149390321976
1048,0.9817149390321976
1049,0.9817149390321976
1050,0.9817149390321976
1051,0.9817149390321976
1052,0.9817149390321976
1053,0.9817149390321976
1054,0.9817149390321976
1055,0.9817149390321976
1056,0.9817149390321976
1057,0.9817149390321976
1058,0.9817149390321976
1059,0.9817149390321976
1060,0.9817149390321976
1061,0.9817149390321976
1062,0.9817149390321976
1063,0.9817149390321976
1064,0.9817149390321976
1065,0.9817149390321976
1066,0.9817149390321976
1067,0.9817149390321976
1068,0.9610799369029204
1069,0.9848034934650418
1070,0.9848034934650418
1071,0.9848034934650418
1072,0.9848034934650418
1073,0.9848034934650418
1074,0.9848034934650418
1075,0.9848034934650418
1076,0.9848034934650418
1077,0.9848034934650418
1078,0.9848034934650418
1079,0.9848034934650418
1080,0.9848034934650418
1081,0.9848034934650418
1082,0.9848034934650418
1083,0.9848034934650418
1084,0.9848034934650418
1085,0.9848034934650418
1086,0.9848034934650418
1087,0.9841770522486033
1088,0.9841770522486033
1089,0.9933267329867433
1090,0.9933267329867433
1091,0.9336378270981043
1092,0.7586638172180155
1093,0.8747063713975702
1094,0.8747063713975702
1095,0.8645333093967189
1096,0.9809150409068875
1097,0.9809150409068875
1098,0.9809150409068875
1099,0.9809150409068875
1100,0.9809150409068875
1101,0.9809150409068875
1102,0.9809150409068875
1103,1.045698724173203
1104,1.045698724173203
1105,1.045698724173203
1106,1.045698724173203
1107,1.045698724173203
1108,1.045698724173203
1109,1.045698724173203
1110,1.045698724173203
1111,1.045698724173203
1112,1.045698724173203
1113,1.045698724173203
1114,1.045698724173203
1115,1.045698724173203
1116,1.045698724173203
1117,1.045698724173203
1118,1.045698724173203
1119,1.045698724173203
1120,1.045698724173203
1121,1.045698724173203
1122,1.045698724173203
1123,1.045698724173203
1124,1.045698724173203
1125,1.045698724173203
1126,1.045698724173203
1127,1.045698724173203
1128,1.045698724173203
1129,1.045698724173203
1130,1.045698724173203
1131,1.045698724173203
1132,1.045698724173203
1133,1.045698724173203
1134,1.045698724173203
1135,1.045698724173203
1136,1.040668202513466
1137,1.1131611522983502
1138,1.1131611522983502
1139,1.1131611522983502
1140,1.1131611522983502
1141,1.1131611522983502
1142,1.1131611522983502
1143,1.1131611522983502
1144,1.1131611522983502
1145,1.1131611522983502
1146,1.1131611522983502
1147,1.1131611522983502
1148,1.1131611522983502
1149,1.0312835329813297
1150,0.990684415050773
1151,0.9271802806463176
1152,1.0221443068660196
1153,1.0221443068660196
1154,1.0221443068660196
1155,1.0221443068660196
1156,1.0221443068660196
1157,1.0221443068660196
1158,1.0221443068660196
1159,1.0221443068660196
1160,1.0221443068660196
1161,1.0221443068660196
1162,1.0221443068660196
1163,1.0221443068660196
1164,1.0221443068660196
1165,1.0221443068660196
1166,1.0221443068660196
1167,1.0221443068660196
1168,1.0221443068660196
1169,1.0221443068660196
1170,1.0221443068660196
1171,1.0221443068660196
1172,1.0221443068660196
1173,1.0221443068660196
1174,1.0221443068660196
1175,1.0221443068660196
1176,1.0221443068660196
1177,1.0221443068660196
1178,1.0221443068660196
1179,1.0221443068660196
1180,1.0221443068660196
1181,1.0221443068660196
1182,1.0221443068660196
1183,1.0221443068660196
1184,1.0221443068660196
1185,1.0221443068660196
1186,1.0221443068660196
1187,1.0221443068660196
1188,1.0221443068660196
1189,1.0221443068660196
1190,1.0221443068660196
1191,0.8946519356942311
1192,0.9507560905313267
1193,0.9507560905313267
1194,0.9576379952635027
1195,0.9576379952635027
1196,0.9576379952635027
1197,0.8831479860982007
1198,0.8831479860982007
1199,0.8831479860982007
1200,0.8831479860982007
1201,0.8831479860982007
1202,0.9688231049036761
1203,0.9688231049036761
1204,0.9688231049036761
1205,0.9688231049036761
1206,0.9688231049036761
1207,0.9688231049036761
1208,0.9688231049036761
1209,0.9688231049036761
1210,0.9688231049036761
1211,0.9688231049036761
1212,1.0103632844460861
1213,1.0103632844460861
1214,1.0103632844460861
1215,1.013870049474817
1216,1.013870049474817
1217,0.9872317165598319
1218,1.0124936101250392
1219,1.0124936101250392
1220,1.0124936101250392
1221,1.0124936101250392
1222,0.9541274143041588
1223,0.9541274143041588
1224,0.9541274143041588
1225,0.9541274143041588
1226,0.9466702487764207
1227,0.9694908534925051
1228,0.9694908534925051
1229,0.9694908534925051
1230,0.9694908534925051
1231,0.9694908534925051
1232,0.9694908534925051
1233,0.9335689412040895
1234,0.9699528533793356
1235,0.9699528533793356
1236,0.8150629505881326
1237,0.9086632295636425
1238,0.9086632295636425
1239,0.9854798727337933
1240,0.9854798727337933
1241,0.9854798727337933
1242,0.9854798727337933
1243,0.9854798727337933
1244,0.9854798727337933
1245,0.9854798727337933
1246,0.9854798727337933
1247,0.9854798727337933
1248,0.9854798727337933
1249,0.9854798727337933
1250,0.9854798727337933
1251,0.9854798727337933
1252,0.9854798727337933
1253,0.9854798727337933
1254,0.9854798727337933
1255,0.9854798727337933
1256,0.9705828093353166
1257,1.0410782826353513
1258,1.0410782826353513
1259,1.0410782826353513
1260,1.0410782826353513
1261,1.0410782826353513
1262,1.0410782826353513
1263,1.0410782826353513
1264,1.0410782826353513
1265,1.0410782826353513
1266,1.0410782826353513
1267,1.0410782826353513
1268,1.034711038852949
1269,0.9824577391338739
1270,1.0614255649506363
1271,1.0614255649506363
1272,1.0602412914574424
1273,0.953576616415969
1274,0.9571570252979393
1275,0.9571570252979393
1276,0.9571570252979393
1277,0.9942493638272075
1278,0.9942493638272075
1279,0.9942493638272075
1280,0.9942493638272075
1281,0.9942493638272075
1282,0.9942493638272075
1283,0.9942493638272075
1284,0.9942493638272075
1285,0.9942493638272075
1286,0.9486679543790808
1287,0.9633756770301568
1288,0.9633756770301568
1289,0.9263797268533852
1290,0.9375397790996107
1291,0.9375397790996107
1292,0.9703566542580682
1293,0.9703566542580682
1294,0.9703566542580682
1295,0.9643580239465375
1296,0.9643580239465375
1297,0.9643580239465375
1298,0.9643580239465375
1299,0.9643580239465375
1300,0.9734778142916074
1301,0.9734778142916074
1302,0.9734778142916074
1303,0.9734778142916074
1304,0.9734778142916074
1305,0.9734778142916074
1306,0.9734778142916074
1307,0.9734778142916074
1308,0.9734778142916074
1309,0.9734778142916074
1310,0.9734778142916074
1311,0.9734778142916074
1312,0.9734778142916074
1313,0.9734778142916074
1314,0.9734778142916074
1315,0.9734778142916074
1316,0.9734778142916074
1317,0.9734778142916074
1318,0.9734778142916074
1319,0.9734778142916074
1320,0.9734778142916074
1321,0.9734778142916074
1322,0.9734778142916074
1323,0.9734778142916074
1324,0.9734778142916074
1325,0.9734778142916074
1326,0.9734778142916074
1327,0.9734778142916074
1328,0.9734778142916074
1329,0.9734778142916074
1330,0.9734778142916074
1331,0.908630870134808
1332,0.9154550994014408
1333,0.9154550994014408
1334,0.9154550994014408
1335,0.893777483096239
1336,0.8789116333709661
1337,0.8500820056366821
1338,0.8665336985053269
1339,0.8665336985053269
1340,0.8944897877676113
1341,0.8944897877676113
1342,0.8544124287148468
1343,0.8544124287148468
1344,0.8544124287148468
1345,0.8544124287148468
1346,0.840218910482788
1347,0.8416284740527422
1348,0.8416284740527422
1349,0.881327493647988
1350,0.881327493647988
1351,0.8917572593462588
1352,0.8917572593462588
1353,0.8917572593462588
1354,0.8917572593462588
1355,0.8917572593462588
1356,0.8917572593462588
1357,0.8917572593462588
1358,0.8917572593462588
1359,0.8917572593462588
1360,0.8917572593462588
1361,0.8917572593462588
1362,0.9076448289297554
1363,0.9076448289297554
1364,0.8755908109291807
1365,0.920467298028284
1366,0.920467298028284
1367,0.9338083238508303
1368,0.9338083238508303
1369,0.9676518735079088
1370,0.9676518735079088
1371,0.9676518735079088
1372,0.9676518735079088
1373,0.9676518735079088
1374,0.9676518735079088
1375,0.9676518735079088
1376,0.9676518735079088
1377,0.9676518735079088
1378,0.9777290767270543
1379,0.9777290767270543
1380,1.0298762396022267
1381,1.0298762396022267
1382,1.0298762396022267
1383,1.0298762396022267
1384,1.0298762396022267
1385,1.0298762396022267
1386,1.0298762396022267
1387,1.0298762396022267
1388,1.0298762396022267
1389,1.0298762396022267
1390,1.0298762396022267
1391,1.0298762396022267
1392,1.0298762396022267
1393,1.0298762396022267
1394,1.0314039463030613
1395,1.0314039463030613
1396,1.0314039463030613
1397,1.0314039463030613
1398,1.0314039463030613
1399,1.0314039463030613
1400,1.0314039463030613
1401,1.0314039463030613
1402,1.0314039463030613
1403,1.0314039463030613
1404,1.0314039463030613
1405,1.0314039463030613
1406,1.0314039463030613
1407,1.0314039463030613
1408,1.0314039463030613
1409,1.0314039463030613
1410,1.0314039463030613
1411,1.0314039463030613
1412,1.0314039463030613
1413,1.0314039463030613
1414,1.023590850450622
1415,1.0056327443575923
1416,0.9513173527857463
1417,0.956136924446167
1418,0.956136924446167
1419,0.9288109094338225
1420,0.8672873501606738
1421,0.9033814822480074
1422,0.9033814822480074
1423,0.9195978335330086
1424,0.9195978335330086
1425,0.9195978335330086
1426,0.905307921627359
1427,0.9211968275576539
1428,0.9211968275576539
1429,0.9211968275576539
1430,0.9211968275576539
1431,0.9211968275576539
1432,0.9211968275576539
1433,0.9211968275576539
1434,0.9211968275576539
1435,0.9211968275576539
1436,0.9211968275576539
1437,0.9211968275576539
1438,0.9211968275576539
1439,0.9211968275576539
1440,0.9211968275576539
1441,0.9211968275576539
1442,0.9211968275576539
1443,0.9211968275576539
1444,0.9211968275576539
1445,0.9211968275576539
1446,0.9211968275576539
1447,0.9211968275576539
1448,0.9211968275576539
1449,0.9211968275576539
1450,0.9211968275576539
1451,0.8868549686488533
1452,0.8975211764593054
1453,0.8975211764593054
1454,0.8975211764593054
1455,0.9018658890327371
1456,0.9018658890327371
1457,0.9018658890327371
1458,0.9018658890327371
1459,0.9018658890327371
1460,0.9018658890327371
1461,0.9018658890327371
1462,0.9018658890327371
1463,0.9018658890327371
1464,0.9018658890327371
1465,0.9018658890327371
1466,0.9018658890327371
1467,0.9018658890327371
1468,0.9018658890327371
1469,0.9018658890327371
1470,0.9018658890327371
1471,0.9018658890327371
1472,0.8961417965082547
1473,0.8993452443244223
1474,0.8993452443244223
1475,0.8993452443244223
1476,0.8993452443244223
1477,0.9095937101572196
1478,0.9095937101572196
1479,0.9095937101572196
1480,0.9116149531622076
1481,0.9116149531622076
1482,0.9116149531622076
1483,0.9116149531622076
1484,0.9116149531622076
1485,0.9116149531622076
1486,0.9116149531622076
1487,0.9116149531622076
1488,0.9116149531622076
1489,0.9116149531622076
1490,0.9044725652362255
1491,0.9044725652362255
1492,0.9044725652362255
1493,0.9044725652362255
1494,0.9044725652362255
1495,0.905143705398732
1496,0.905143705398732
1497,0.9079531194294168
1498,0.9079531194294168
1499,0.9079531194294168
1500,0.9079531194294168
1501,0.9079531194294168
1502,0.9079531194294168
1503,0.9081882772600426
1504,0.9081882772600426
1505,0.9168380069820521
1506,0.9168380069820521
1507,0.9168380069820521
1508,0.9189812127204403
1509,0.9189812127204403
1510,0.9189812127204403
1511,0.9189812127204403
1512,0.9189812127204403
1513,0.9189812127204403
1514,0.9189812127204403
1515,0.9189812127204403
1516,0.9189812127204403
1517,0.9172821163095386
1518,0.8276899135526667
1519,0.8146622643534526
1520,0.8042078746149443
1521,0.801147177078842
1522,0.811129904806981
1523,0.811129904806981
1524,0.7412608484796674
1525,0.7662865922800516
1526,0.7662865922800516
1527,0.7629816369902447
1528,0.6811303874323267
1529,0.7038086335926828
1530,0.7038086335926828
1531,0.7115541898218967
1532,0.7115541898218967
1533,0.7115541898218967
1534,0.7115541898218967
1535,0.7115541898218967
1536,0.7115541898218967
1537,0.7115541898218967
1538,0.7115541898218967
1539,0.7115541898218967
1540,0.6674102731413882
1541,0.6482349512347882
1542,0.6588831619371203
1543,0.6588831619371203
1544,0.6588831619371203
1545,0.6441978472496181
1546,0.6559287483736015
1547,0.6559287483736015
1548,0.6418365096888312
1549,0.6407036369308662
1550,0.6438860903893016
1551,0.6438860903893016
1552,0.6438860903893016
1553,0.6438860903893016
1554,0.6438860903893016
1555,0.6438860903893016
1556,0.6438860903893016
1557,0.6438860903893016
1558,0.6438860903893016
1559,0.6438860903893016
1560,0.6438860903893016
1561,0.6438860903893016
1562,0.6912918671007924
1563,0.6912918671007924
1564,0.6995329119763438
1565,0.6995329119763438
1566,0.6995329119763438
1567,0.6995329119763438
1568,0.6995329119763438
1569,0.6995329119763438
1570,0.6995329119763438
1571,0.6995329119763438
1572,0.6995329119763438
1573,0.6995329119763438
1574,0.6995329119763438
1575,0.6995329119763438
1576,0.6995329119763438
1577,0.6995329119763438
1578,0.6788318219878412
1579,0.7080831381737723
1580,0.7080831381737723
1581,0.7128284689824148
1582,0.7128284689824148
1583,0.7128284689824148
1584,0.7128284689824148
1585,0.7128284689824148
1586,0.7128284689824148
1587,0.718518422462568
1588,0.718518422462568
1589,0.7216734682610182
1590,0.7216734682610182
1591,0.7222136719756135
1592,0.7222136719756135
1593,0.7222136719756135
1594,0.7222136719756135
1595,0.7301863845516854
1596,0.7301863845516854
1597,0.736553744011208
1598,0.736553744011208
1599,0.736553744011208
1600,0.7355204943070142
1601,0.7355204943070142
1602,0.7355204943070142
1603,0.73244028909717
1604,0.7900338217295929
1605,0.7900338217295929
1606,0.7900338217295929
1607,0.7900338217295929
1608,0.7900338217295929
1609,0.7900338217295929
1610,0.7900338217295929
1611,0.7900338217295929
1612,0.7900338217295929
1613,0.7900338217295929
1614,0.7900338217295929
1615,0.7900338217295929
1616,0.7900338217295929
1617,0.7900338217295929
1618,0.7900338217295929
1619,0.7900338217295929
1620,0.7900338217295929
1621,0.7900338217295929
1622,0.7900338217295929
1623,0.7893552536880418
1624,0.7901214450293323
1625,0.7901214450293323
1626,0.7901214450293323
1627,0.7901214450293323
1628,0.7901214450293323
1629,0.8184401671428568
1630,0.8184401671428568
1631,0.8184401671428568
1632,0.8184401671428568
1633,0.8184401671428568
1634,0.8184401671428568
1635,0.8184401671428568
1636,0.8184401671428568
1637,0.8184401671428568
1638,0.8184401671428568
1639,0.8184401671428568
1640,0.8184401671428568
1641,0.8184401671428568
1642,0.8184401671428568
1643,0.8184401671428568
1644,0.8184401671428568
1645,0.8184401671428568
1646,0.8184401671428568
1647,0.8184401671428568
1648,0.8184401671428568
1649,0.8064148382920988
1650,0.8108935361010052
1651,0.8108935361010052
1652,0.8108935361010052
1653,0.8167259437819389
1654,0.8167259437819389
1655,0.8167259437819389
1656,0.8167259437819389
1657,0.8167259437819389
1658,0.8167259437819389
1659,0.8167259437819389
1660,0.8167259437819389
1661,0.8167259437819389
1662,0.8167259437819389
1663,0.8167259437819389
1664,0.8167259437819389
1665,0.8167259437819389
1666,0.8167259437819389
1667,0.8167259437819389
1668,0.8167259437819389
1669,0.8167259437819389
1670,0.8167259437819389
1671,0.8438772165842291
1672,0.8438772165842291
1673,0.8438772165842291
1674,0.8438772165842291
1675,0.8438772165842291
1676,0.8438772165842291
1677,0.8438772165842291
1678,0.8438772165842291
1679,0.8438772165842291
1680,0.8438772165842291
1681,0.8438772165842291
1682,0.8438772165842291
1683,0.846575959842745
1684,0.846575959842745
1685,0.8632536964613876
1686,0.8632536964613876
1687,0.8632536964613876
1688,0.8632536964613876
1689,0.8632536964613876
1690,0.8632536964613876
1691,0.8632536964613876
1692,0.8632536964613876
1693,0.8632536964613876
1694,0.8632536964613876
1695,0.8632536964613876
1696,0.8632536964613876
1697,0.8632536964613876
1698,0.8632536964613876
1699,0.8632536964613876
1700,0.8632536964613876
1701,0.8632536964613876
1702,0.8632536964613876
1703,0.8632536964613876
1704,0.8632536964613876
1705,0.8632536964613876
1706,0.861632702884721
1707,0.8309838144784504
1708,0.8309838144784504
1709,0.8309838144784504
1710,0.8309838144784504
1711,0.8309838144784504
1712,0.8309838144784504
1713,0.8309838144784504
1714,0.8309838144784504
1715,0.8309838144784504
1716,0.8309838144784504
1717,0.8309838144784504
1718,0.8483468602356585
1719,0.8483468602356585
1720,0.8483468602356585
1721,0.861164944257882
1722,0.861164944257882
1723,0.885598057530201
1724,0.885598057530201
1725,0.8559764500055166
1726,0.8907420658628242
1727,0.8907420658628242
1728,0.8907420658628242
1729,0.8907420658628242
1730,0.8907420658628242
1731,0.8907420658628242
1732,0.8907420658628242
1733,0.8907420658628242
1734,0.8907420658628242
1735,0.8907420658628242
1736,0.8907420658628242
1737,0.8907420658628242
1738,0.8907420658628242
1739,0.8907420658628242
1740,0.8907420658628242
1741,0.8907420658628242
1742,0.8907420658628242
1743,0.8907420658628242
1744,0.8907420658628242
1745,0.8907420658628242
1746,0.8907420658628242
1747,0.8907420658628242
1748,0.9091359934750386
1749,0.9091359934750386
1750,0.9091359934750386
1751,0.8899263273028509
1752,0.9085777482777515
1753,0.9085777482777515
1754,0.9085777482777515
1755,0.9085777482777515
1756,0.9085777482777515
1757,0.9085777482777515
1758,0.9085777482777515
1759,0.9085777482777515
1760,0.8179526594426636
1761,0.8689173946393072
1762,0.8689173946393072
1763,0.8887352117215747
1764,0.8887352117215747
1765,0.8887352117215747
1766,0.9086866659635122
1767,0.9086866659635122
1768,0.9086866659635122
1769,0.9086866659635122
1770,0.9086866659635122
1771,0.9179399311717763
1772,0.9179399311717763
1773,0.8814256482422679
1774,0.8884176445589892
1775,0.8884176445589892
1776,0.8966566211618906
1777,0.8966566211618906
1778,0.8966566211618906
1779,0.8966566211618906
1780,0.8966566211618906
1781,0.8966566211618906
1782,0.8966566211618906
1783,0.8966566211618906
1784,0.8966566211618906
1785,0.8966566211618906
1786,0.8966566211618906
1787,0.8966566211618906
1788,0.8966566211618906
1789,0.8966566211618906
1790,0.8583104271803669
1791,0.7918150686929485
1792,0.8122839013865115
1793,0.8122839013865115
1794,0.8122839013865115
1795,0.8213394743177715
1796,0.8213394743177715
1797,0.8213394743177715
1798,0.8213394743177715
1799,0.8213394743177715
1800,0.8213394743177715
1801,0.8213394743177715
1802,0.8196059757209282
1803,0.8383855170411962
1804,0.8383855170411962
1805,0.8029028369949909
1806,0.8029028369949909
1807,0.8103300496790723
1808,0.8103300496790723
1809,0.8103300496790723
1810,0.8103300496790723
1811,0.8103300496790723
1812,0.8103300496790723
1813,0.8103300496790723
1814,0.8103300496790723
1815,0.8103300496790723
1816,0.8103300496790723
1817,0.8103300496790723
1818,0.7931590844952082
1819,0.7980513796282305
1820,0.7980513796282305
1821,0.7980513796282305
1822,0.7978589602628458
1823,0.7970628045307091
1824,0.7970628045307091
1825,0.7970628045307091
1826,0.7970628045307091
1827,0.8023905209747043
1828,0.8023905209747043
1829,0.7896296191750224
1830,0.7936232547700334
1831,0.7936232547700334
1832,0.7031816203360227
1833,0.6922860197084674
1834,0.6622661023874827
1835,0.6731049862523832
1836,0.6731049862523832
1837,0.6615357635144558
1838,0.6770193471682092
1839,0.6770193471682092
1840,0.6770193471682092
1841,0.6770193471682092
1842,0.6770193471682092
1843,0.6770193471682092
1844,0.6770193471682092
1845,0.6988404456046059
1846,0.6988404456046059
1847,0.7300047634308782
1848,0.7300047634308782
1849,0.7300047634308782
1850,0.7300047634308782
1851,0.7300047634308782
1852,0.7300047634308782
1853,0.7300047634308782
1854,0.7159620532650348
1855,0.7209783774322124
1856,0.7209783774322124
1857,0.7223666769926299
1858,0.7223666769926299
1859,0.7223666769926299
1860,0.7223666769926299
1861,0.7223666769926299
1862,0.7223666769926299
1863,0.8348849797891366
1864,0.8348849797891366
1865,0.8348849797891366
1866,0.8348849797891366
1867,0.8348849797891366
1868,0.8348849797891366
1869,0.8348849797891366
1870,0.8348849797891366
1871,0.8348849797891366
1872,0.8348849797891366
1873,0.8509092575526124
1874,0.8509092575526124
1875,0.8509092575526124
1876,0.8509092575526124
1877,0.8509092575526124
1878,0.8509092575526124
1879,0.8509092575526124
1880,0.8509092575526124
1881,0.8565323145915508
1882,0.8565323145915508
1883,0.8467917897627812
1884,0.8257775654681481
1885,0.8314923320828395
1886,0.8314923320828395
1887,0.8314923320828395
1888,0.8211712723141625
1889,0.8032713927065875
1890,0.7647934996230226
1891,0.7301527782895312
1892,0.7402815690074266
1893,0.7402815690074266
1894,0.750597820556441
1895,0.750597820556441
1896,0.750597820556441
1897,0.750597820556441
1898,0.7805828569986512
1899,0.7805828569986512
1900,0.7805828569986512
1901,0.7805828569986512
1902,0.7805828569986512
1903,0.7733198655701783
1904,0.7942494084480533
1905,0.7942494084480533
1906,0.7942494084480533
1907,0.7942494084480533
1908,0.7942494084480533
1909,0.7942494084480533
1910,0.7942494084480533
1911,0.7970783658408723
1912,0.7970783658408723
1913,0.7970783658408723
1914,0.8001692617650367
1915,0.8001692617650367
1916,0.766469681187477
1917,0.839912048466902
1918,0.839912048466902
1919,0.8417745372144114
1920,0.8417745372144114
1921,0.8417745372144114
1922,0.8417745372144114
1923,0.8417745372144114
1924,0.8417745372144114
1925,0.8417745372144114
1926,0.8417745372144114
1927,0.8417745372144114
1928,0.8417745372144114
1929,0.8417745372144114
1930,0.8417745372144114
1931,0.8417745372144114
1932,0.8417745372144114
1933,0.8850852373386122
1934,0.8850852373386122
1935,0.8850852373386122
1936,0.8850852373386122
1937,0.8850852373386122
1938,0.8850852373386122
1939,0.8850852373386122
1940,0.8850852373386122
1941,0.8850852373386122
1942,0.8850852373386122
1943,0.8850852373386122
1944,0.8850852373386122
1945,0.8850852373386122
1946,0.8850852373386122
1947,0.8850852373386122
1948,0.8850852373386122
1949,0.8850852373386122
1950,0.8850852373386122
1951,0.8850852373386122
1952,0.8850852373386122
1953,0.8571119892574728
1954,0.861080089223831
1955,0.861080089223831
1956,0.8846431621276584
1957,0.8846431621276584
1958,0.8846431621276584
1959,0.8846431621276584
1960,0.8846431621276584
1961,0.8846431621276584
1962,0.8846431621276584
1963,0.8846431621276584
1964,0.8846431621276584
1965,0.8846431621276584
1966,0.9263134765975496
1967,0.9263134765975496
1968,0.9263134765975496
1969,0.9263134765975496
1970,0.9263134765975496
1971,0.9263134765975496
1972,0.9263134765975496
1973,0.9263134765975496
1974,0.9263134765975496
1975,0.9263134765975496
1976,0.9263134765975496
1977,0.9263134765975496
1978,0.9263134765975496
1979,0.9695076812183422
1980,0.9695076812183422
1981,0.9670006153757847
1982,0.9748471249748858
1983,0.9748471249748858
1984,1.0012111831521333
1985,1.0012111831521333
1986,0.9692072716606787
1987,0.9151342755596619
1988,0.9113963166497886
1989,0.8997721994610135
1990,0.8922039800461271
1991,0.8883595349700255
1992,0.9202333528894566
1993,0.9202333528894566
1994,0.916825847433711
1995,0.916825847433711
1996,0.916825847433711
1997,0.916825847433711
1998,0.916825847433711
1999,0.916825847433711
2000,0.9152157717452655
2001,0.9154125537997123
2002,0.9154125537997123
2003,1.0246035786932006
2004,1.0246035786932006
2005,1.0624223298549187
2006,1.0624223298549187
2007,1.1071587440646735
2008,1.1071587440646735
2009,1.1071587440646735
2010,1.1071587440646735
2011,1.1071587440646735
2012,1.1071587440646735
2013,1.1071587440646735
2014,1.1071587440646735
2015,1.1071587440646735
2016,1.1071587440646735
2017,1.1071587440646735
2018,1.1071587440646735
2019,1.1071587440646735
2020,1.1071587440646735
2021,1.1071587440646735
2022,1.1071587440646735
2023,1.1071587440646735
2024,1.1071587440646735
2025,1.1071587440646735
2026,1.1071587440646735
2027,1.1071587440646735
2028,1.1071587440646735
2029,1.1071587440646735
2030,1.1071587440646735
2031,1.1071587440646735
2032,1.1071587440646735
2033,1.1071587440646735
2034,1.1071587440646735
2035,1.1067366085092365
2036,1.0743359563148833
2037,1.1511159560352553
2038,1.1511159560352553
2039,1.177310700918273
2040,1.177310700918273
2041,1.177310700918273
2042,1.177310700918273
2043,1.177310700918273
2044,1.177310700918273
2045,1.177310700918273
2046,1.177310700918273
2047,1.177310700918273
2048,1.177310700918273
2049,1.177310700918273
2050,1.177310700918273
2051,1.177310700918273
2052,1.177310700918273
2053,1.177310700918273
2054,1.177310700918273
2055,1.177310700918273
2056,1.177310700918273
2057,1.177310700918273
2058,1.177310700918273
2059,1.177310700918273
2060,1.177310700918273
2061,1.177310700918273
2062,1.177310700918273
2063,1.177310700918273
2064,1.177310700918273
2065,1.177310700918273
2066,1.177310700918273
2067,1.177310700918273
2068,1.177310700918273
2069,1.177310700918273
2070,1.177310700918273
2071,1.177310700918273
2072,1.177310700918273
2073,1.177310700918273
2074,1.177310700918273
2075,1.177310700918273
2076,1.192922661030867
2077,1.192922661030867
2078,1.239635376252065
2079,1.239635376252065
2080,1.239635376252065
2081,1.239635376252065
2082,1.239635376252065
2083,1.239635376252065
2084,1.239635376252065
2085,1.239635376252065
2086,1.239635376252065
2087,1.239635376252065
2088,1.2381151252510778
2089,1.2516038779130023
2090,1.2516038779130023
2091,1.2516038779130023
2092,1.2516038779130023
2093,1.2516038779130023
2094,1.2516038779130023
2095,1.2516038779130023
2096,1.2399151964691209
2097,1.2483577026827282
2098,1.2483577026827282
2099,1.2483577026827282
2100,1.2393489551783736
2101,1.2393489551783736
2102,1.2393489551783736
2103,1.2393489551783736
2104,1.2853185736278019
2105,1.2853185736278019
2106,1.2431340885212694
2107,1.2431340885212694
2108,1.2431340885212694
2109,1.2431340885212694
2110,1.2566288162847188
2111,1.2566288162847188
2112,1.2566288162847188
2113,1.2690510003628732
2114,1.2690510003628732
2115,1.2690510003628732
2116,1.2690510003628732
2117,1.2690510003628732
2118,1.3112222812565957
2119,1.3112222812565957
2120,1.3112222812565957
2121,1.3112222812565957
2122,1.3112222812565957
2123,1.3112222812565957
2124,1.3112222812565957
2125,1.3112222812565957
2126,1.311165485117579
2127,1.3040194293225473
2128,1.2954218871994263
2129,1.2981404803229122
2130,1.2981404803229122
2131,1.2981404803229122
2132,1.2981404803229122
2133,1.3279805609886206
2134,1.3279805609886206
2135,1.3279805609886206
2136,1.3279805609886206
2137,1.3279805609886206
2138,1.3279805609886206
2139,1.3279805609886206
2140,1.3279805609886206
2141,1.3279805609886206
2142,1.3279805609886206
2143,1.3279805609886206
2144,1.3279805609886206
2145,1.3279805609886206
2146,1.3279805609886206
2147,1.3279805609886206
2148,1.3279805609886206
2149,1.3279805609886206
2150,1.3279805609886206
2151,1.3279805609886206
2152,1.3279805609886206
2153,1.3279805609886206
2154,1.3279805609886206
2155,1.3279805609886206
2156,1.3279805609886206
2157,1.3279805609886206
2158,1.3389063812557425
2159,1.3389063812557425
2160,1.3389063812557425
2161,1.3389063812557425
2162,1.3389063812557425
2163,1.3389063812557425
2164,1.3389063812557425
2165,1.3492244806270417
2166,1.3492244806270417
2167,1.3619185814057384
2168,1.3619185814057384
2169,1.3765643065518176
2170,1.3765643065518176
2171,1.4032001935019205
2172,1.4032001935019205
2173,1.4281550147116004
2174,1.4281550147116004
2175,1.4281550147116004
2176,1.4281550147116004
2177,1.4281550147116004
2178,1.4281550147116004
2179,1.4281550147116004
2180,1.44371290191162
2181,1.44371290191162
2182,1.44371290191162
2183,1.4595060184683926
2184,1.4595060184683926
2185,1.4595060184683926
2186,1.4595060184683926
2187,1.4595060184683926
2188,1.4595060184683926
2189,1.4595060184683926
2190,1.4595060184683926
2191,1.4595060184683926
2192,1.4595060184683926
2193,1.4595060184683926
2194,1.4595060184683926
2195,1.4595060184683926
2196,1.4595060184683926
2197,1.4595060184683926
2198,1.532705035519737
2199,1.532705035519737
2200,1.54101979511916
2201,1.54101979511916
2202,1.54101979511916
2203,1.54101979511916
2204,1.54101979511916
2205,1.54101979511916
2206,1.54101979511916
2207,1.54101979511916
2208,1.5585861870474642
2209,1.5585861870474642
2210,1.5585861870474642
2211,1.5680752822715607
2212,1.5680752822715607
2213,1.5680752822715607
2214,1.5680752822715607
2215,1.5680752822715607
2216,1.5680752822715607
2217,1.5680752822715607
2218,1.5680752822715607
2219,1.5680752822715607
2220,1.5680752822715607
2221,1.5680752822715607
2222,1.5680752822715607
2223,1.5680752822715607
2224,1.5680752822715607
2225,1.5680752822715607
2226,1.5680752822715607
2227,1.5680752822715607
2228,1.5680752822715607
2229,1.5680752822715607
2230,1.5680752822715607
2231,1.5680752822715607
2232,1.5680752822715607
2233,1.5680752822715607
2234,1.5680752822715607
2235,1.5680752822715607
2236,1.5680752822715607
2237,1.5680752822715607
2238,1.5680752822715607
2239,1.5680752822715607
2240,1.5680752822715607
2241,1.5680752822715607
2242,1.5680752822715607
2243,1.5680752822715607
2244,1.5680752822715607
2245,1.5680752822715607
2246,1.5680752822715607
2247,1.5680752822715607
2248,1.5680752822715607
2249,1.5680752822715607
2250,1.5680752822715607
2251,1.5680752822715607
2252,1.5680752822715607
2253,1.5680752822715607
2254,1.5680752822715607
2255,1.5680752822715607
2256,1.5680752822715607
2257,1.5680752822715607
2258,1.5680752822715607
2259,1.5680752822715607
2260,1.5680752822715607
2261,1.5680752822715607
2262,1.5680752822715607
2263,1.6238944174529666
2264,1.6238944174529666
2265,1.6238944174529666
2266,1.6238944174529666
2267,1.6238944174529666
2268,1.6238944174529666
2269,1.6238944174529666
2270,1.6238944174529666
2271,1.6238944174529666
2272,1.6238944174529666
2273,1.5502384629958483
2274,1.5502384629958483
2275,1.5502384629958483
2276,1.532746784264346
2277,1.5959574941868173
2278,1.5959574941868173
2279,1.5959574941868173
2280,1.5959574941868173
2281,1.5959574941868173
2282,1.5959574941868173
2283,1.5959574941868173
2284,1.5959574941868173
2285,1.5959574941868173
2286,1.5959574941868173
2287,1.5959574941868173
2288,1.5959574941868173
2289,1.5959574941868173
2290,1.5959574941868173
2291,1.5959574941868173
2292,1.5959574941868173
2293,1.5959574941868173
2294,1.5959574941868173
2295,1.5959574941868173
2296,1.5959574941868173
2297,1.5959574941868173
2298,1.5959574941868173
2299,1.5959574941868173
2300,1.5959574941868173
2301,1.5959574941868173
2302,1.5959574941868173
2303,1.5959574941868173
2304,1.5959574941868173
2305,1.5959574941868173
2306,1.5959574941868173
2307,1.5959574941868173
2308,1.5959574941868173
2309,1.5959574941868173
2310,1.5959574941868173
2311,1.5959574941868173
2312,1.567907642616207
2313,1.567907642616207
2314,1.567907642616207
2315,1.567907642616207
2316,1.5452146022113853
2317,1.3399531772496118
2318,1.4347176675122435
2319,1.4347176675122435
2320,1.4446382292291544
2321,1.4446382292291544
2322,1.4446382292291544
2323,1.4446382292291544
2324,1.588641406043141
2325,1.588641406043141
2326,1.588641406043141
2327,1.588641406043141
2328,1.588641406043141
2329,1.588641406043141
2330,1.588641406043141
2331,1.588641406043141
2332,1.588641406043141
2333,1.588641406043141
2334,1.588641406043141
2335,1.588641406043141
2336,1.588641406043141
2337,1.588641406043141
2338,1.588641406043141
2339,1.588641406043141
2340,1.588641406043141
2341,1.588641406043141
2342,1.588641406043141
2343,1.588641406043141
2344,1.588641406043141
2345,1.588641406043141
2346,1.588641406043141
2347,1.588641406043141
2348,1.588641406043141
2349,1.588641406043141
2350,1.588641406043141
2351,1.588641406043141
2352,1.588641406043141
2353,1.5632033008490394
2354,1.5580991292949882
2355,1.522655872761899
2356,1.6742365246498276
2357,1.6742365246498276
2358,1.748961149648073
2359,1.748961149648073
2360,1.748961149648073
2361,1.748961149648073
2362,1.748961149648073
2363,1.748961149648073
2364,1.748961149648073
2365,1.748961149648073
2366,1.748961149648073
2367,1.748961149648073
2368,1.748961149648073
2369,1.748961149648073
2370,1.748961149648073
2371,1.748961149648073
2372,1.748961149648073
2373,1.748961149648073
2374,1.7637042802515697
2375,1.7637042802515697
2376,1.7637042802515697
2377,1.7637042802515697
2378,1.7637042802515697
2379,1.7637042802515697
2380,1.7279415922511923
2381,1.8426767839617546
2382,1.8426767839617546
2383,1.8426767839617546
2384,1.9019398095466895
2385,1.9019398095466895
2386,1.9019398095466895
2387,1.9019398095466895
2388,1.9019398095466895
2389,1.9019398095466895
2390,1.9019398095466895
2391,1.9019398095466895
2392,1.9019398095466895
2393,1.8318849185524075
2394,1.9062407761082905
2395,1.9062407761082905
2396,1.9569112173977112
2397,1.9569112173977112
2398,1.9569112173977112
2399,1.9569112173977112
2400,1.9569112173977112
2401,1.9569112173977112
2402,1.9569112173977112
2403,1.9569112173977112
2404,1.9569112173977112
2405,1.9569112173977112
2406,1.9832061866418986
2407,1.9832061866418986
2408,1.9043351356770168
2409,1.8797365514729418
2410,1.841372463506214
2411,1.802867538702899
2412,1.987461469931678
2413,1.987461469931678
2414,1.987461469931678
2415,1.987461469931678
2416,1.987461469931678
2417,1.987461469931678
2418,1.987461469931678
2419,1.987461469931678
2420,1.987461469931678
2421,1.987461469931678
2422,1.987461469931678
2423,2.02128869929806
2424,2.02128869929806
2425,2.02128869929806
2426,2.02128869929806
2427,2.02128869929806
2428,2.02128869929806
2429,2.0445510011668677
2430,2.0445510011668677
2431,2.0445510011668677
2432,2.031253213187594
2433,1.9036421351688484
2434,1.8761785658343895
2435,1.6179015240744203
2436,1.783191916900352
2437,1.783191916900352
2438,1.794278888178457
2439,1.794278888178457
2440,1.9973586734860027
2441,1.9973586734860027
2442,2.043751746632146
2443,2.043751746632146
2444,2.043751746632146
2445,2.043751746632146
2446,2.043751746632146
2447,2.043751746632146
2448,2.043751746632146
2449,2.0933486297835273
2450,2.0933486297835273
2451,2.0933486297835273
2452,2.0933486297835273
2453,2.0933486297835273
2454,2.0933486297835273
2455,2.0878550016725566
2456,2.3294014038206456
2457,2.3294014038206456
2458,2.3694998633988926
2459,2.3694998633988926
2460,2.3694998633988926
2461,2.3694998633988926
2462,2.3694998633988926
2463,2.3694998633988926
2464,2.3694998633988926
2465,2.3694998633988926
2466,2.3694998633988926
2467,2.3749835949719484
2468,2.3749835949719484
2469,2.437135995834587
2470,2.437135995834587
2471,2.437135995834587
2472,2.437135995834587
2473,2.479388150179548
2474,2.479388150179548
2475,2.479388150179548
2476,2.5826007587343436
2477,2.5826007587343436
2478,2.5826007587343436
2479,2.5826007587343436
2480,2.5826007587343436
2481,2.5826007587343436
2482,2.5826007587343436
2483,2.6200388536982304
2484,2.6200388536982304
2485,2.6200388536982304
2486,2.693405857431483
2487,2.693405857431483
2488,2.7512318681923786
2489,2.7512318681923786
2490,2.7512318681923786
2491,2.7613546188771783
2492,2.7613546188771783
2493,2.73014530325158
2494,2.739835827418422
2495,2.739835827418422
2496,2.739835827418422
2497,2.649999485560027
2498,2.8547766766895517
2499,2.8547766766895517
2500,2.8547766766895517
2501,2.8547766766895517
2502,2.8547766766895517
2503,2.8547766766895517
2504,2.8547766766895517
2505,2.8547766766895517
2506,2.8547766766895517
2507,2.8547766766895517
2508,2.8547766766895517
2509,2.8547766766895517
2510,2.8547766766895517
2511,2.8547766766895517
2512,2.9740860533732696
2513,2.9740860533732696
2514,2.9740860533732696
2515,2.9740860533732696
2516,2.9740860533732696
2517,2.9740860533732696
2518,2.9740860533732696
2519,2.9740860533732696
2520,2.9740860533732696
2521,2.9740860533732696
2522,2.9740860533732696
2523,2.9740860533732696
2524,2.9740860533732696
2525,2.9740860533732696
2526,2.9740860533732696
2527,2.9740860533732696
2528,2.9740860533732696
2529,2.9740860533732696
2530,2.9740860533732696
2531,2.9740860533732696
2532,2.9740860533732696
2533,2.9740860533732696
2534,2.9740860533732696
2535,2.9740860533732696
2536,2.9740860533732696
2537,2.969672561490724
2538,2.8617320635282657
2539,2.8617320635282657
2540,2.8617320635282657
2541,2.8617320635282657
2542,2.8617320635282657
2543,2.8617320635282657
2544,2.8617320635282657
2545,2.8617320635282657
2546,2.8617320635282657
2547,2.8617320635282657
2548,2.8617320635282657
2549,2.8617320635282657
2550,2.881978384998527
2551,2.881978384998527
2552,2.881978384998527
2553,3.018466751638995
2554,3.018466751638995
2555,3.018466751638995
2556,3.018466751638995
2557,3.018466751638995
2558,3.018466751638995
2559,3.018466751638995
2560,3.018466751638995
2561,3.2321534127419627
2562,3.2321534127419627
2563,3.2321534127419627
2564,3.2228615776183216
2565,3.259977637406144
2566,3.259977637406144
2567,3.16726361672155
2568,3.208157957834728
2569,3.208157957834728
2570,3.208157957834728
2571,3.208157957834728
2572,3.208157957834728
2573,3.208157957834728
2574,3.208157957834728
2575,3.208157957834728
2576,3.208157957834728
2577,3.208157957834728
2578,3.208157957834728
2579,3.208157957834728
2580,3.208157957834728
2581,3.208157957834728
2582,3.208157957834728
2583,3.208157957834728
2584,3.208157957834728
2585,3.208157957834728
2586,3.208157957834728
2587,3.208157957834728
2588,3.208157957834728
2589,3.208157957834728
2590,3.208157957834728
2591,3.208157957834728
2592,3.208157957834728
2593,3.208157957834728
2594,3.3192013635670086
2595,3.3192013635670086
2596,3.2157491800100457
2597,3.3334068149658194
2598,3.3334068149658194
2599,3.3334068149658194
2600,3.3027126631077404
2601,3.3027126631077404
2602,3.3027126631077404
2603,3.3027126631077404
2604,3.3027126631077404
2605,3.3027126631077404
2606,3.3027126631077404
2607,3.3027126631077404
2608,3.3027126631077404
2609,3.3027126631077404
2610,3.3027126631077404
2611,3.3027126631077404
2612,3.3027126631077404
2613,3.3027126631077404
2614,3.3027126631077404
2615,3.3027126631077404
2616,3.1262108985546586
2617,3.136955239676043
2618,3.136955239676043
2619,3.2018207540523376
2620,3.2018207540523376
2621,3.2018207540523376
2622,3.0687340627899453
2623,3.1385043577544924
2624,3.1385043577544924
2625,3.193949393511265
2626,3.193949393511265
2627,3.268197713579531
2628,3.268197713579531
2629,3.268197713579531
2630,3.268197713579531
2631,3.268197713579531
2632,3.268197713579531
2633,3.268197713579531
2634,3.268197713579531
2635,3.2793668541986998
2636,3.2793668541986998
2637,3.2793668541986998
2638,3.2793668541986998
2639,3.095436145836598
2640,3.067592329102645
2641,3.205195980942682
2642,3.205195980942682
2643,3.205195980942682
2644,3.196634090117036
2645,3.3532740183166627
2646,3.3532740183166627
2647,3.25033183503146
2648,3.295822606921056
2649,3.295822606921056
2650,3.308048605151792
2651,3.308048605151792
2652,3.308048605151792
2653,3.308048605151792
2654,3.308048605151792
2655,3.308048605151792
2656,3.308048605151792
2657,3.308048605151792
2658,3.308048605151792
2659,3.308048605151792
2660,3.3602864017878087
2661,3.3602864017878087
2662,3.4604545113586815
2663,3.4604545113586815
2664,3.395616399226055
2665,3.3546464027385756
2666,3.3546464027385756
2667,3.3232262511459996
2668,3.199799286310097
2669,3.2133536197383727
2670,3.2133536197383727
2671,3.2133536197383727
2672,3.2836268017599806
2673,3.2836268017599806
2674,3.2836268017599806
2675,3.2836268017599806
2676,3.2836268017599806
2677,3.2836268017599806
2678,3.2836268017599806
2679,3.2836268017599806
2680,3.2836268017599806
2681,3.1999391713723195
2682,2.867748186352812
2683,2.7554945291709028
2684,2.853549056988898
2685,2.853549056988898
2686,2.853549056988898
2687,2.853549056988898
2688,2.875703501806526
2689,2.875703501806526
2690,2.875703501806526
2691,2.875703501806526
2692,2.875703501806526
2693,2.875703501806526
2694,2.875703501806526
2695,2.875703501806526
2696,2.875703501806526
2697,2.875703501806526
2698,2.875703501806526
2699,2.875703501806526
2700,2.875703501806526
2701,2.875703501806526
2702,2.875703501806526
2703,2.875703501806526
2704,2.875703501806526
2705,2.875703501806526
2706,2.902240743813945
2707,2.902240743813945
2708,2.902240743813945
2709,2.676207761835346
2710,2.676207761835346
2711,2.676207761835346
2712,2.676207761835346
2713,2.58177453627582
2714,2.666086059479292
2715,2.666086059479292
2716,2.740145665418754
2717,2.740145665418754
2718,2.740145665418754
2719,2.642370850552143
2720,2.642370850552143
2721,2.642370850552143
2722,2.642370850552143
2723,2.642370850552143
2724,2.642370850552143
2725,2.642370850552143
2726,2.642370850552143
2727,2.617752822359085
2728,2.664192437967281
2729,2.664192437967281
2730,2.664192437967281
2731,2.6207892273732223
2732,2.6207892273732223
2733,2.6207892273732223
2734,2.7466082961442715
2735,2.7466082961442715
2736,2.8726423088284294
2737,2.8726423088284294
2738,2.8726423088284294
2739,2.8726423088284294
2740,2.8726423088284294
2741,2.8726423088284294
2742,2.8726423088284294
2743,2.8726423088284294
2744,2.8726423088284294
2745,2.8726423088284294
2746,2.8726423088284294
2747,2.8726423088284294
2748,2.8726423088284294
2749,2.8726423088284294
2750,2.8726423088284294
2751,2.8726423088284294
2752,2.8726423088284294
2753,2.8726423088284294
2754,2.9092552265960943
2755,2.9092552265960943
2756,2.9092552265960943
2757,2.7592293160784136
2758,2.7592293160784136
2759,2.7592293160784136
2760,2.7914931802256917
2761,2.7914931802256917
2762,2.6138641616992
2763,2.6538957106199135
2764,2.6538957106199135
2765,2.6538957106199135
2766,2.694961232274488
2767,2.694961232274488
2768,2.6477925591583524
2769,2.721743219887124
2770,2.721743219887124
2771,2.721743219887124
2772,2.721743219887124
2773,2.721743219887124
2774,2.721743219887124
2775,2.7205412870648042
2776,2.78871220270492
2777,2.78871220270492
2778,2.870920322333544
2779,2.870920322333544
2780,2.870920322333544
2781,2.8043743602045774
2782,2.860455991775292
2783,2.860455991775292
2784,2.860455991775292
2785,3.0080551108497815
2786,3.0080551108497815
2787,3.0080551108497815
2788,2.96307158604848
2789,2.8426616941265883
2790,2.528650765563485
2791,2.5892404201640895
2792,2.5892404201640895
2793,2.599208236579186
2794,2.599208236579186
2795,2.599208236579186
2796,2.599208236579186
2797,2.599208236579186
2798,2.599208236579186
2799,2.599208236579186
2800,2.599208236579186
2801,2.599208236579186
2802,2.6198132338556492
2803,2.6198132338556492
2804,2.6198132338556492
2805,2.669931488210609
2806,2.669931488210609
2807,2.669931488210609
2808,2.611578749250112
2809,2.6286677644153884
2810,2.6286677644153884
2811,2.6286677644153884
2812,2.6286677644153884
2813,2.6286677644153884
2814,2.6286677644153884
2815,2.6286677644153884
2816,2.6286677644153884
2817,2.6286677644153884
2818,2.6286677644153884
2819,2.6286677644153884
2820,2.54926279508626
2821,2.54926279508626
2822,2.54926279508626
2823,2.54926279508626
2824,2.4056091009071543
2825,2.021319637715283
2826,1.996097785013522
2827,2.029000570995208
2828,2.029000570995208
2829,2.037943381743897
2830,2.037943381743897
2831,2.2025024091292167
2832,2.2025024091292167
2833,2.2025024091292167
2834,2.2025024091292167
2835,2.2025024091292167
2836,2.2025024091292167
2837,2.2025024091292167
2838,2.2025024091292167
2839,2.2025024091292167
2840,2.2025024091292167
2841,2.2025024091292167
2842,2.1675217427673945
2843,2.1110613895199277
2844,2.1080911996163323
2845,2.114097055699025
2846,2.114097055699025
2847,2.114097055699025
2848,2.1515967622586967
2849,2.1515967622586967
2850,2.1515967622586967
2851,2.1515967622586967
2852,2.1515967622586967
2853,2.1515967622586967
2854,2.1515967622586967
2855,2.2504878311066867
2856,2.2504878311066867
2857,2.2504878311066867
2858,2.2504878311066867
2859,2.2504878311066867
2860,2.2504878311066867
2861,2.2504878311066867
2862,2.2504878311066867
2863,2.2504878311066867
2864,2.2504878311066867
2865,2.2504878311066867
2866,2.2504878311066867
2867,2.2504878311066867
2868,2.2376405004582525
2869,2.415768326805976
2870,2.415768326805976
2871,2.415768326805976
2872,2.415768326805976
2873,2.415768326805976
2874,2.415768326805976
2875,2.415768326805976
2876,2.415768326805976
2877,2.3929761891087846
2878,2.462590285967835
2879,2.462590285967835
2880,2.4856072862296847
2881,2.4856072862296847
2882,2.4856072862296847
2883,2.4856072862296847
2884,2.4856072862296847
2885,2.4856072862296847
2886,2.4856072862296847
2887,2.4856072862296847
2888,2.4856072862296847
2889,2.4856072862296847
2890,2.4856072862296847
2891,2.472478412467718
2892,2.2237487803075178
2893,2.25447886181861
2894,2.25447886181861
2895,2.25447886181861
2896,2.268088569062061
2897,2.268088569062061
2898,2.2899144376307725
2899,2.2899144376307725
2900,2.2899144376307725
2901,2.2413637982107875
2902,2.319193534349533
2903,2.319193534349533
2904,2.3488271886121845
2905,2.3488271886121845
2906,2.3488271886121845
2907,2.3326329639099477
2908,2.3326329639099477
2909,2.3326329639099477
2910,2.217875137670281
2911,2.271169157101889
2912,2.271169157101889
2913,2.271169157101889
2914,2.271169157101889
2915,2.271169157101889
2916,2.271169157101889
2917,2.271169157101889
2918,2.271169157101889
2919,2.271169157101889
2920,2.279397090970205
2921,2.279397090970205
2922,2.279397090970205
2923,2.2940249302603584
2924,2.2940249302603584
2925,2.252325127689385
2926,2.3575071071921085
2927,2.3575071071921085
2928,2.3134509084419417
2929,2.2969690544810137
2930,2.2969690544810137
2931,2.2969690544810137
2932,2.334971185110925
2933,2.334971185110925
2934,2.334971185110925
2935,2.334971185110925
2936,2.334971185110925
2937,2.334971185110925
2938,2.334971185110925
2939,2.334971185110925
2940,2.334971185110925
2941,2.334971185110925
2942,2.334971185110925
2943,2.334971185110925
2944,2.334971185110925
2945,2.323984447685735
2946,2.336918177809465
2947,2.336918177809465
2948,2.336918177809465
2949,2.32254251362901
2950,2.3469595175360207
2951,2.3469595175360207
2952,2.3469595175360207
2953,2.3469595175360207
2954,2.3469595175360207
2955,2.3469595175360207
2956,2.3469595175360207
2957,2.3469595175360207
2958,2.3469595175360207
2959,2.3469595175360207
2960,2.3469595175360207
2961,2.3469595175360207
2962,2.3469595175360207
2963,2.3469595175360207
2964,2.3469595175360207
2965,2.3469595175360207
2966,2.3469595175360207
2967,2.3469595175360207
2968,2.3528368836133597
2969,2.3528368836133597
2970,2.3528368836133597
2971,2.3528368836133597
2972,2.3528368836133597
2973,2.3528368836133597
2974,2.3528368836133597
2975,2.6055901473295866
2976,2.6055901473295866
2977,2.5696277752227967
2978,2.501434453835981
2979,2.541943844114158
2980,2.541943844114158
2981,2.541943844114158
2982,2.5447006001938357
2983,2.5447006001938357
2984,2.5447006001938357
2985,2.5447006001938357
2986,2.5447006001938357
2987,2.609575894929863
2988,2.609575894929863
2989,2.609575894929863
2990,2.5965907663007544
2991,2.5965907663007544
2992,2.5965907663007544
2993,2.5965907663007544
2994,2.5965907663007544
2995,2.5965907663007544
2996,2.5965907663007544
2997,2.5965907663007544
2998,2.5965907663007544
2999,2.5965907663007544
3000,2.5965907663007544
3001,2.5965907663007544
3002,2.5965907663007544
3003,2.5965907663007544
3004,2.5965907663007544
3005,2.5965907663007544
3006,2.5965907663007544
3007,2.5965907663007544
3008,2.5965907663007544
3009,2.5965907663007544
3010,2.5965907663007544
3011,2.5965907663007544
3012,2.5965907663007544
3013,2.5965907663007544
3014,2.5472717614996503
3015,2.619573698536623
3016,2.619573698536623
3017,2.6215685176120114
3018,2.6215685176120114
3019,2.6215685176120114
3020,2.6215685176120114
3021,2.6215685176120114
3022,2.6215685176120114
3023,2.6215685176120114
3024,2.6215685176120114
3025,2.6215685176120114
3026,2.6128697642244436
3027,2.6251203696834278
3028,2.6251203696834278
3029,2.6251203696834278
3030,2.653981337507769
3031,2.653981337507769
3032,2.653981337507769
3033,2.653981337507769
3034,2.653981337507769
3035,2.653981337507769
3036,2.653981337507769
3037,2.653981337507769
3038,2.653981337507769
3039,2.653981337507769
3040,2.653981337507769
3041,2.653981337507769
3042,2.653981337507769
3043,2.653981337507769
3044,2.653981337507769
3045,2.653981337507769
3046,2.653981337507769
3047,2.653981337507769
3048,2.653981337507769
3049,2.653981337507769
3050,2.653981337507769
3051,2.653981337507769
3052,2.653981337507769
3053,2.653981337507769
3054,2.653981337507769
3055,2.653981337507769
3056,2.653981337507769
3057,2.653981337507769
3058,2.653981337507769
3059,2.653981337507769
3060,2.653981337507769
3061,2.653981337507769
3062,2.653981337507769
3063,2.653981337507769
3064,2.7127722968955927
3065,2.7127722968955927
3066,2.580280597809335
3067,2.560430309781236
3068,2.5864106231566555
3069,2.5864106231566555
3070,2.588772705570343
3071,2.588772705570343
3072,2.588772705570343
3073,2.588772705570343
3074,2.588772705570343
3075,2.588772705570343
3076,2.588772705570343
3077,2.588772705570343
3078,2.588772705570343
3079,2.588772705570343
3080,2.588772705570343
3081,2.588772705570343
3082,2.5862337232187014
3083,2.6292909322347273
3084,2.6292909322347273
3085,2.5873171034965345
3086,2.643115345004378
3087,2.643115345004378
3088,2.5178260500585226
3089,2.5178260500585226
3090,2.527080807033144
3091,2.527080807033144
3092,2.503422176317279
3093,2.446898615147463
3094,2.2942289967836835
3095,2.2744247905363415
3096,2.3245800575628057
3097,2.3245800575628057
3098,2.3245800575628057
3099,2.3245800575628057
3100,2.3245800575628057
3101,2.3245800575628057
3102,2.3245800575628057
3103,2.3245800575628057
3104,2.3245800575628057
3105,2.3245800575628057
3106,2.3245800575628057
3107,2.3245800575628057
3108,2.3245800575628057
3109,2.3245800575628057
3110,2.3245800575628057
3111,2.3245800575628057
3112,2.3245800575628057
3113,2.3355642304914883
3114,2.3355642304914883
3115,2.3355642304914883
3116,2.3726320707495074
3117,2.3726320707495074
3118,2.3726320707495074
3119,2.3726320707495074
3120,2.3726320707495074
3121,2.3726320707495074
3122,2.3726320707495074
3123,2.3626250646204565
3124,2.36448088837336
3125,2.36448088837336
3126,2.36448088837336
3127,2.36448088837336
3128,2.36448088837336
3129,2.36448088837336
3130,2.36448088837336
3131,2.36448088837336
3132,2.36448088837336
3133,2.36448088837336
3134,2.36448088837336
3135,2.36448088837336
3136,2.317171761494767
3137,2.237673021935961
3138,2.2820205416122423
3139,2.2820205416122423
3140,2.2765581166578084
3141,2.3412568771933944
3142,2.3412568771933944
3143,2.3412568771933944
3144,2.3412568771933944
3145,2.3412568771933944
3146,2.3412568771933944
3147,2.3412568771933944
3148,2.3412568771933944
3149,2.3412568771933944
3150,2.3412568771933944
3151,2.3969867694420017
3152,2.3969867694420017
3153,2.3969867694420017
3154,2.3969867694420017
3155,2.3969867694420017
3156,2.3937785533456446
3157,2.3399638354764245
3158,2.322995361784059
3159,2.3211830599780128
3160,2.3338844065530133
3161,2.3338844065530133
3162,2.3338844065530133
3163,2.3651464783666762
3164,2.3651464783666762
3165,2.3651464783666762
3166,2.3651464783666762
3167,2.3651464783666762
3168,2.3737615562544785
3169,2.3737615562544785
3170,2.3737615562544785
3171,2.3865060145419146
3172,2.3865060145419146
3173,2.3865060145419146
3174,2.3865060145419146
3175,2.3865060145419146
3176,2.3865060145419146
3177,2.3865060145419146
3178,2.3865060145419146
3179,2.3865060145419146
3180,2.3865060145419146
3181,2.390378834810951
3182,2.390378834810951
3183,2.5275917709609184
3184,2.5275917709609184
3185,2.543154771340107
3186,2.543154771340107
3187,2.4827331541247597
3188,2.4912737051392266
3189,2.4912737051392266
3190,2.4928345457987855
3191,2.4928345457987855
3192,2.5376534367886783
3193,2.5376534367886783
3194,2.5376534367886783
3195,2.5376534367886783
3196,2.5376534367886783
3197,2.5376534367886783
3198,2.5376534367886783
3199,2.5376534367886783
3200,2.5376534367886783
3201,2.5376534367886783
3202,2.5376534367886783
3203,2.5376534367886783
3204,2.5376534367886783
3205,2.5376534367886783
3206,2.5376534367886783
3207,2.5376534367886783
3208,2.5376534367886783
3209,2.5376534367886783
3210,2.5376534367886783
3211,2.5376534367886783
3212,2.5376534367886783
3213,2.5376534367886783
3214,2.5376534367886783
3215,2.5376534367886783
3216,2.527491390155603
3217,2.5478676769575266
3218,2.5478676769575266
3219,2.5478676769575266
3220,2.5478676769575266
3221,2.5478676769575266
